都道府県コード又は市区町村コード,NO,都道府県名,市区町村名,名称,名称_カナ,名称_英語,通称,通称_カナ,住所,方書,設置位置,緯度,経度,男性トイレ総数,男性トイレ数（小便器）,男性トイレ数（和式）,男性トイレ数（洋式）,女性トイレ総数,女性トイレ数（和式）,女性トイレ数（洋式）,男女共用トイレ総数,男女共用トイレ数（和式）,男女共用トイレ数（洋式）,多機能トイレ,車椅子使用者用トイレ有無,乳幼児用設備設置トイレ有無,オストメイト設置トイレ有無,利用開始時間,利用終了時間,利用可能時間特記事項,画像,画像_ライセンス,URL,備考
131130,1,東京都,渋谷区,表参道公衆便所,オモテサンドウコウシュウベンジョ,,渋谷区立表参道ヒルズ公衆便所,シブヤクリツオモテサンドウヒルズコウシュウベンジョ,東京都渋谷区神宮前4-12-1,,,35.666788,139.709628,4,3,,1,1,,1,,,,有,,,,,,,,,"https://www.google.com/maps/place/%E8%A1%A8%E5%8F%82%E9%81%93%E3%83%92%E3%83%AB%E3%82%BA%E5%85%AC%E8%A1%86%E4%BE%BF%E6%89%80/@35.6668537,139.7072429,17z/data=!4m12!1m6!3m5!1s0x60188ca1bd496835:0xfa4c0b3e9091a549!2z6KGo5Y-C6YGT44OS44Or44K65YWs6KGG5L6_5omA!8m2!3d35.6668537!4d139.7094316!3m4!1s0x60188ca1bd496835:0xfa4c0b3e9091a549!8m2!3d35.6668537!4d139.7094316",
131130,2,東京都,渋谷区,渋谷駅東口公衆便所（仮設）,シブヤエキヒガシグチコウシュウベンジョ（カセツ）,,,,東京都渋谷区渋谷2-23,,,35.659253,139.7018599,1,1,,,,,,,,,有,,,,,,,,,"https://www.google.com/maps/place/%E6%B8%8B%E8%B0%B7%E9%A7%85%E6%9D%B1%E5%8F%A3%E5%85%AC%E8%A1%86%E3%83%88%E3%82%A4%E3%83%AC/@35.6606387,139.7042647,17z/data=!4m12!1m6!3m5!1s0x60188b7ef4815845:0x710c9f837ff9e97e!2z5riL6LC36aeF5p2x5Y-j5YWs6KGG44OI44Kk44Os!8m2!3d35.6606387!4d139.7064532!3m4!1s0x60188b7ef4815845:0x710c9f837ff9e97e!8m2!3d35.6606387!4d139.7064532",
131130,3,東京都,渋谷区,渋谷駅西口公衆便所（仮設）,シブヤエキニシグチコウシュウベンジョ（カセツ）,,,,東京都渋谷区道玄坂1-1-1,,,35.658455,139.701276,2,1,,1,,,,,,,有,,,,,,,,,"https://www.google.com/maps/place/%E6%B8%8B%E8%B0%B7%E9%A7%85%E8%A5%BF%E5%8F%A3%E5%85%AC%E8%A1%86%E4%BE%BF%E6%89%80/@35.6586567,139.6990003,17z/data=!4m8!1m2!2m1!1z5riL6LC36aeF6KW_5Y-j5YWs6KGG5L6_5omA!3m4!1s0x60188b582ac86015:0x6f4bab88632c40ed!8m2!3d35.6586524!4d139.701189",
131130,4,東京都,渋谷区,西参道公衆便所,ニシサンドウコウシュウベンジョ,,,,東京都渋谷区代々木3-27-1,,,35.683941,139.691598,4,3,1,,2,2,,,,,,,,,,,,,,"https://www.google.com/maps/place/%E6%B8%8B%E8%B0%B7%E5%8C%BA%E7%AB%8B%E8%A5%BF%E5%8F%82%E9%81%93%E5%85%AC%E8%A1%86%E4%BE%BF%E6%89%80/@35.6838015,139.6914941,17z/data=!3m1!4b1!4m5!3m4!1s0x60188cd2a97a80c3:0xe1eeacbd47ec9195!8m2!3d35.6838015!4d139.6914941",
131130,5,東京都,渋谷区,裏参道公衆便所,ウラサンドウコウシュウベンジョ,,,,東京都渋谷区千駄ヶ谷4-28-1,,,35.680439,139.703972,4,3,1,,3,3,,,,,,,,,,,,,,"https://www.google.com/maps/place/%E6%B8%8B%E8%B0%B7%E5%8C%BA%E8%A3%8F%E5%8F%82%E9%81%93%E5%85%AC%E8%A1%86%E4%BE%BF%E6%89%80/@35.6804414,139.703965,17z/data=!3m1!4b1!4m5!3m4!1s0x60188d862d9f2327:0x5e2f4fcd808140ee!8m2!3d35.6804414!4d139.703965",
131130,6,東京都,渋谷区,並木橋公衆便所,ナミキバシコウシュウベンジョ,,,,東京都渋谷区東1-27-22,,,35.654245,139.70735,2,2,,,,,,,,,有,,,,,,,,,"https://www.google.com/maps/place/%E3%80%92150-0011+%E6%9D%B1%E4%BA%AC%E9%83%BD%E6%B8%8B%E8%B0%B7%E5%8C%BA%E6%9D%B1%EF%BC%91%E4%B8%81%E7%9B%AE%EF%BC%92%EF%BC%97%E2%88%92%EF%BC%92%EF%BC%92/@35.6549627,139.706572,19z/data=!3m1!4b1!4m5!3m4!1s0x60188b5c818f8fe3:0x10d27845a1123363!8m2!3d35.6549627!4d139.706572",
131130,7,東京都,渋谷区,代々木八幡公衆便所,ヨヨギハチマンコウシュウベンジョ,,,,東京都渋谷区代々木5-1-2,,,35.671817,139.688396,3,2,,1,3,2,,,,,有,,,,,,,,,"https://www.google.com/maps/place/%E4%BB%A3%E3%80%85%E6%9C%A8%E5%85%AB%E5%B9%A1%E5%85%AC%E8%A1%86%E4%BE%BF%E6%89%80/@35.6717663,139.6861421,17z/data=!4m8!1m2!2m1!1z5Luj44CF5pyo5YWr5bmh5YWs6KGG5L6_5omA!3m4!1s0x0:0x89304e5439ee7866!8m2!3d35.6713937!4d139.6879525",
131130,8,東京都,渋谷区,千駄ヶ谷駅前公衆便所,センダガヤエキマエコウシュウベンジョ,,,,東京都渋谷区千駄ヶ谷1-35-6,,,35.681417,139.710388,6,4,1,1,3,2,1,,,,有,,,,,,,,,"https://www.google.com/maps/place/%E6%B8%8B%E8%B0%B7%E5%8C%BA%E7%AB%8B%E5%8D%83%E9%A7%84%E3%83%B6%E8%B0%B7%E9%A7%85%E5%89%8D%E5%85%AC%E8%A1%86%E4%BE%BF%E6%89%80/@35.680749,139.71211,17z/data=!3m1!4b1!4m5!3m4!1s0x60188c957a3f7807:0xbd18b639212681e7!8m2!3d35.680749!4d139.71211",
131130,9,東京都,渋谷区,神宮前公衆便所,ジングウマエコウシュウベンジョ,,,,東京都渋谷区神宮前1-3-14,,,35.67246,139.707961,3,2,,1,1,,1,,,,有,,,,,,,,,"https://www.google.com/maps/place/%E7%A5%9E%E5%AE%AE%E5%89%8D%E3%82%B7%E3%83%96%E3%83%9F%E3%83%83%E3%82%AF%E3%83%88%E3%82%A4%E3%83%AC/@35.6724342,139.705786,17z/data=!3m1!4b1!4m5!3m4!1s0x60188b578865f90d:0x335844b4fe16df9a!8m2!3d35.6724342!4d139.7079747",
131130,10,東京都,渋谷区,東三丁目公衆便所,ヒガシサンチョウメコウシュウベンジョ,,,,東京都渋谷区東3-27-1,,,35.648904,139.709203,4,3,1,,1,1,,,,,有,,,,,,,,,"https://www.google.com/maps/place/%E6%9D%B1%E4%B8%89%E4%B8%81%E7%9B%AE%E5%85%AC%E8%A1%86%E4%BE%BF%E6%89%80/@35.6489456,139.7091499,17z/data=!3m1!4b1!4m5!3m4!1s0x60188b418255db1f:0xed22cd797b494621!8m2!3d35.6489456!4d139.7091499",
131130,11,東京都,渋谷区,幡ヶ谷公衆便所,ハタガヤコウシュウベンジョ,,,,東京都渋谷区幡ヶ谷3-37-8,,,35.677772,139.670484,4,3,1,,2,2,,,,,有,,,,,,,,,"https://www.google.com/maps/place/%E5%85%AC%E8%A1%86%E4%BE%BF%E6%89%80/@35.6777715,139.6705101,18z/data=!3m1!4b1!4m12!1m6!3m5!1s0x6018f31883c45233:0x4ca2be4820dfaf37!2z5YWs6KGG5L6_5omA!8m2!3d35.6777715!4d139.6705101!3m4!1s0x6018f31883c45233:0x4ca2be4820dfaf37!8m2!3d35.6777715!4d139.6705101",
131130,12,東京都,渋谷区,区役所前公衆便所,クヤクショマエコウシュウベンジョ,,区役所前トイレ診断士の厠堂,クヤクショマエトイレシンダンシノカワヤドウ,東京都渋谷区神南1-5-11,,,35.664863,139.699259,7,5,1,1,5,3,2,,,,有,,,,,,,,,"https://www.google.com/maps/place/%E6%B8%8B%E8%B0%B7%E5%8C%BA%E7%AB%8B%E5%8C%BA%E5%BD%B9%E6%89%80%E5%89%8D%E5%85%AC%E8%A1%86%E4%BE%BF%E6%89%80/@35.6648681,139.6970396,17z/data=!4m12!1m6!3m5!1s0x60188caf2270edf1:0xf720809b8a8e7c30!2z5riL6LC35Yy656uL5Yy65b255omA5YmN5YWs6KGG5L6_5omA!8m2!3d35.6648681!4d139.6992283!3m4!1s0x60188caf2270edf1:0xf720809b8a8e7c30!8m2!3d35.6648681!4d139.6992283",
131130,13,東京都,渋谷区,神宮前一丁目公衆便所,ジングウマエイッチョウメコウシュウベンジョ,,,,東京都渋谷区神宮前1-5-23,,,35.672101,139.705822,5,3,1,1,3,1,2,,,,有,,,,,,,,,"https://www.google.com/maps/place/%E3%82%B9%E3%82%B7%E3%83%8B%E3%83%B3%E3%82%B8%E3%83%A3%E3%83%88%E3%82%A4%E3%83%AC/@35.6713943,139.7027787,17z/data=!3m1!4b1!4m5!3m4!1s0x60188cbb3911cf4d:0xbb3b8c7fd67fd009!8m2!3d35.6713943!4d139.7049674",ネーミングライツ平成31年度更新可否は現在未定。
131130,14,東京都,渋谷区,恵比寿駅西口公衆便所,エビスエキニシグチコウシュウベンジョ,,恵比寿KANSEIトイレ,エビスカンセイトイレ,東京都渋谷区恵比寿南1-5-8,,,35.647415,139.709459,5,4,,1,1,,1,,,,有,,,,,,,,,"https://www.google.com/maps/place/%E6%81%B5%E6%AF%94%E5%AF%BFKANSEI%E3%83%88%E3%82%A4%E3%83%AC/@35.6474356,139.7072789,17z/data=!4m12!1m6!3m5!1s0x60188b41ac33ff05:0x32f76b668f440b96!2z5oG15q-U5a-_S0FOU0VJ44OI44Kk44Os!8m2!3d35.6474356!4d139.7094676!3m4!1s0x60188b41ac33ff05:0x32f76b668f440b96!8m2!3d35.6474356!4d139.7094676",ネーミングライツ平成31年度更新可否は現在未定。
131130,15,東京都,渋谷区,恵比寿東公園,エビスヒガシコウエン,,,,東京都渋谷区恵比寿1-2-16,,,35.6482019,139.7114896,2,1,,1,2,,2,,,,有,,,,,,,,,"https://www.google.com/maps/place/%E6%81%B5%E6%AF%94%E5%AF%BF%E6%9D%B1%E5%85%AC%E5%9C%92/@35.6482019,139.7093009,17z/data=!3m1!4b1!4m5!3m4!1s0x60188b41d15f294b:0xe12e8a385c8c0fa5!8m2!3d35.6482019!4d139.7114896",
131130,16,東京都,渋谷区,豊沢児童遊園地,トヨサワジドウユウエンチ,,,,東京都渋谷区恵比寿2-17-19,,,35.6468907,139.7193016,2,2,,,,,,1,,,,,,,,,,,,"https://www.google.com/maps/place/%E8%B1%8A%E6%B2%A2%E5%85%90%E7%AB%A5%E9%81%8A%E5%9C%92%E5%9C%B0/@35.6468907,139.7171129,17z/data=!3m1!4b1!4m5!3m4!1s0x60188b12fdf83d75:0xcd08f4d082817846!8m2!3d35.6468907!4d139.7193016",
131130,17,東京都,渋谷区,伊達児童遊園地,ダテジドウユウエンチ,,,,東京都渋谷区恵比寿3-11-2,,,35.6443937,139.7174527,,,,,,,,1,,,,,,,,,,,,"https://www.google.com/maps/place/%E4%BC%8A%E9%81%94%E5%85%90%E7%AB%A5%E9%81%8A%E5%9C%92%E5%9C%B0/@35.6443833,139.7153078,17z/data=!3m1!4b1!4m5!3m4!1s0x60188b13edd44687:0x4f54eb2787f3666c!8m2!3d35.6443833!4d139.7174965",
131130,18,東京都,渋谷区,恵比寿駅東口公園,エビスエキヒガシグチコウエン,,,,東京都渋谷区恵比寿4-2-6,,,35.6463421,139.7108556,4,3,1,,2,1,1,,,,,,,,,,,,,"https://www.google.com/maps/place/%E6%81%B5%E6%AF%94%E5%AF%BF%E9%A7%85%E6%9D%B1%E5%8F%A3%E5%85%AC%E5%9C%92/@35.6466778,139.7084738,17z/data=!4m12!1m6!3m5!1s0x60188b403c3354a7:0x24d563991453ad6b!2z5oG15q-U5a-_6aeF5p2x5Y-j5YWs5ZyS!8m2!3d35.6466778!4d139.7106625!3m4!1s0x60188b403c3354a7:0x24d563991453ad6b!8m2!3d35.6466778!4d139.7106625",
131130,19,東京都,渋谷区,景丘公園,カゲオカコウエン,,,,東京都渋谷区恵比寿4-19-21,,,35.6438867,139.7134312,2,1,1,,1,1,,,,,有,,,,,,,,,"https://www.google.com/maps/place/%E6%99%AF%E4%B8%98%E5%85%AC%E5%9C%92/@35.6438867,139.7112425,17z/data=!3m1!4b1!4m5!3m4!1s0x60188b15af0b57e9:0x5e4415efdd4c8553!8m2!3d35.6438867!4d139.7134312",
131130,20,東京都,渋谷区,広尾公園,ヒロオコウエン,,,,東京都渋谷区広尾5-7-4,,,35.6481302,139.7220374,4,2,1,1,2,1,1,,,,,,,,,,,,,"https://www.google.com/maps/place/%E5%BA%83%E5%B0%BE%E5%85%AC%E5%9C%92(%E3%81%98%E3%82%83%E3%81%B6%E3%81%98%E3%82%83%E3%81%B6%E6%B1%A0)/@35.6510854,139.7209289,15z/data=!4m8!1m2!2m1!1z5bqD5bC-5YWs5ZyS!3m4!1s0x60188b0d7c918501:0xd7a163d753c5ad39!8m2!3d35.6485085!4d139.7220135",
131130,21,東京都,渋谷区,広尾児童遊園地,ヒロオジドウユウエンチ,,,,東京都渋谷区広尾5-16-14,,,35.6495554,139.7207735,,,,,,,,,,,有,,,,,,,,,"https://www.google.com/maps/place/%E5%BA%83%E5%B0%BE%E5%85%90%E7%AB%A5%E9%81%8A%E5%9C%92%E5%9C%B0/@35.6510847,139.7209289,15z/data=!4m8!1m2!2m1!1z5bqD5bC-5YWQ56ul6YGK5ZyS5Zyw!3m4!1s0x60188b6d4b0a1be1:0x5e024718c4245823!8m2!3d35.6495554!4d139.7207735",
131130,22,東京都,渋谷区,臨川四季の森,リンセンシキノモリ,,,,東京都渋谷区広尾5-23-8,,,35.6485204,139.7187733,2,1,,1,,,,,,,有,,,,,,,,,"https://www.google.com/maps/place/%E8%87%A8%E5%B7%9D%E5%9B%9B%E5%AD%A3%E3%81%AE%E6%A3%AE/@35.6485204,139.7165846,17z/data=!3m1!4b1!4m5!3m4!1s0x60188b132cfbcb35:0x7b50e15354b151ef!8m2!3d35.6485204!4d139.7187733",
131130,23,東京都,渋谷区,鶯谷児童遊園地,ウグイスダニジドウユウエンチ,,,,東京都渋谷区鶯谷町7-21,,,35.6536232,139.7031811,2,2,,,,,,1,,,,,,,,,,,,"https://www.google.com/maps/place/%E9%B6%AF%E8%B0%B7%E5%85%90%E7%AB%A5%E9%81%8A%E5%9C%92%E5%9C%B0/@35.6536242,139.7009911,17z/data=!3m1!4b1!4m5!3m4!1s0x60188b5af738a555:0xbecc6d4e7e304dd1!8m2!3d35.6536242!4d139.7031798",
131130,24,東京都,渋谷区,鉢山公園,ハチヤマコウエン,,,,東京都渋谷区鉢山町3-33,,,35.6529963,139.6988644,2,1,1,,1,1,,,,,,,,,,,,,,"https://www.google.com/maps/place/%E9%89%A2%E5%B1%B1%E5%85%AC%E5%9C%92/@35.6529964,139.6966771,17z/data=!3m1!4b1!4m5!3m4!1s0x60188b50e1ede2d9:0x5003d0280f740b27!8m2!3d35.6529964!4d139.6988658",
131130,25,東京都,渋谷区,代官山さんかく公園,ダイカンヤマサンカクコウエン,,,,東京都渋谷区代官山町7-12,,,35.6505738,139.7048705,,,,,,,,1,,,,,,,,,,,,"https://www.google.com/maps/place/%E3%80%92150-0034+%E6%9D%B1%E4%BA%AC%E9%83%BD%E6%B8%8B%E8%B0%B7%E5%8C%BA%E4%BB%A3%E5%AE%98%E5%B1%B1%E7%94%BA%EF%BC%97%E2%88%92%EF%BC%91%EF%BC%92/@35.6506136,139.7027245,17z/data=!4m13!1m7!3m6!1s0x60188b44edc26a61:0xff92d48f49569a3a!2z44CSMTUwLTAwMzQg5p2x5Lqs6YO95riL6LC35Yy65Luj5a6Y5bGx55S677yX4oiS77yR77yS!3b1!8m2!3d35.6506136!4d139.7049132!3m4!1s0x60188b44edc26a61:0xff92d48f49569a3a!8m2!3d35.6506136!4d139.7049132",
131130,26,東京都,渋谷区,代官山公園,ダンカンヤマコウエン,,,,東京都渋谷区代官山町17-10,,,35.6486564,139.7035853,2,1,1,,1,1,,,,,有,,,,,,,,,"https://www.google.com/maps/place/%E4%BB%A3%E5%AE%98%E5%B1%B1%E5%85%AC%E5%9C%92/@35.6487164,139.7016487,17z/data=!4m8!1m2!2m1!1z5Luj5a6Y5bGx5YWs5ZyS!3m4!1s0x0:0xe6b62048649d2687!8m2!3d35.6486565!4d139.7035853",
131130,27,東京都,渋谷区,恵比寿公園,エビスコウエン,,,,東京都渋谷区恵比寿西1-19-1,,,35.6471125,139.7067675,3,2,,1,2,,2,,,,有,,,,,,,,,"https://www.google.com/maps/place/%E6%81%B5%E6%AF%94%E5%AF%BF%E5%85%AC%E5%9C%92/@35.6468699,139.7046576,17z/data=!4m12!1m6!3m5!1s0x60188bffedd1b4ff:0xce8a03c71af8090e!2z5oG15q-U5a-_5YWs5ZyS!8m2!3d35.6468462!4d139.7068758!3m4!1s0x60188bffedd1b4ff:0xce8a03c71af8090e!8m2!3d35.6468462!4d139.7068758",
131130,28,東京都,渋谷区,恵比寿南一公園,エビスミナミイチコウエン,,,,東京都渋谷区恵比寿南1-26-1,,,35.6425092,139.7118957,3,2,,1,1,,1,,,,有,,,,,,,,,"https://www.google.com/maps/place/%E6%81%B5%E6%AF%94%E5%AF%BF%E5%8D%97%E4%B8%80%E5%85%AC%E5%9C%92/@35.6425092,139.709707,17z/data=!3m1!4b1!4m5!3m4!1s0x60188b158b638f59:0x542563ca46f12063!8m2!3d35.6425092!4d139.7118957",
131130,29,東京都,渋谷区,恵比寿南二公園,エビスミナミニコウエン,,,,東京都渋谷区恵比寿南2-11-1,,,35.6434849,139.7086633,1,,,1,1,,1,,,,有,,,,,,,,,"https://www.google.com/maps/place/%E6%81%B5%E6%AF%94%E5%AF%BF%E5%8D%97%E4%BA%8C%E5%85%AC%E5%9C%92/@35.6435363,139.70639,17z/data=!3m1!4b1!4m5!3m4!1s0x60188b3f735bbe53:0xf64ba7ec3110ae89!8m2!3d35.6435363!4d139.7085787",
131130,30,東京都,渋谷区,美竹公園,ミタケコウエン,,,,東京都渋谷区渋谷1-18-29,,,35.6618779,139.7031633,3,2,1,,2,2,,,,,,,,,,,,,,"https://www.google.com/maps/place/%E7%BE%8E%E7%AB%B9%E5%85%AC%E5%9C%92/@35.6618563,139.700976,17z/data=!3m1!4b1!4m5!3m4!1s0x60188ca79b841191:0x54331bfc0183ca0c!8m2!3d35.6618563!4d139.7031647",
131130,31,東京都,渋谷区,並木橋児童遊園地,ナミキバシジドウユウエンチ,,,,東京都渋谷区渋谷3-25-11,,,35.6547276,139.7059589,2,1,1,,1,1,,,,,,,,,,,,,,"https://www.google.com/maps/place/%E6%B8%8B%E8%B0%B7%E5%8C%BA%E7%AB%8B%E4%B8%A6%E6%9C%A8%E6%A9%8B%E5%85%90%E7%AB%A5%E9%81%8A%E5%9C%92%E5%9C%B0/@35.6547276,139.7037702,17z/data=!3m1!4b1!4m5!3m4!1s0x60188b5b7bfc8347:0x5f152b6804ba35d5!8m2!3d35.6547276!4d139.7059589",
131130,32,東京都,渋谷区,常磐松公園,トキワマツコウエン,,,,東京都渋谷区東1-11-6,,,35.6559349,139.7089478,,,,,,,,1,,,,,,,,,,,,"https://www.google.com/maps/place/%E5%B8%B8%E7%A3%90%E6%9D%BE%E5%85%AC%E5%9C%92/@35.6559349,139.7067591,17z/data=!3m1!4b1!4m5!3m4!1s0x60188b5cfe13d85b:0xa0909cbd390d3af3!8m2!3d35.6559349!4d139.7089478",
131130,33,東京都,渋谷区,氷川の杜公園,ヒカワノモリコウエン,,,,東京都渋谷区東2-5-24,,,35.6547028,139.7100398,2,2,,,,,,1,,,,,,,,,,,,"https://www.google.com/maps/place/%E6%B0%B7%E5%B7%9D%E3%81%AE%E6%9D%9C%E5%85%AC%E5%9C%92/@35.6547028,139.7078511,17z/data=!3m1!4b1!4m5!3m4!1s0x60188b5d32334001:0xf0a43b022c437a26!8m2!3d35.6547028!4d139.7100398",
131130,34,東京都,渋谷区,広尾北公園,ヒロオキタコウエン,,,,東京都渋谷区広尾4-1-40,,,35.6563552,139.7199056,2,1,1,,1,1,,,,,有,,,,,,,,,"https://www.google.com/maps/place/%E5%BA%83%E5%B0%BE%E5%8C%97%E5%85%AC%E5%9C%92/@35.6562553,139.7176536,17z/data=!3m1!4b1!4m5!3m4!1s0x60188b6fb1c36aab:0x5ce1af530d294f1b!8m2!3d35.6562553!4d139.7198423",
131130,35,東京都,渋谷区,広尾東公園,ヒロオヒガシコウエン,,,,東京都渋谷区広尾4-2-27,,,35.6533886,139.7211099,2,1,1,,1,1,,,,,,,,,,,,,,"https://www.google.com/maps/place/%E5%BA%83%E5%B0%BE%E6%9D%B1%E5%85%AC%E5%9C%92/@35.6534183,139.7189527,17z/data=!3m1!4b1!4m5!3m4!1s0x60188b6dee225a99:0x6f8c24be7146bdb7!8m2!3d35.6534183!4d139.7211414",
131130,36,東京都,渋谷区,円山児童遊園地,マルヤマジドウユウエンチ,,,,東京都渋谷区円山町9-7,,,35.6586046,139.6944133,,,,,,,,1,,,,,,,,,,,,"https://www.google.com/maps/place/%E5%86%86%E5%B1%B1%E5%85%90%E7%AB%A5%E9%81%8A%E5%9C%92%E5%9C%B0/@35.6586046,139.6922246,17z/data=!3m1!4b1!4m5!3m4!1s0x60188caa43621555:0x337d73bb8b8f7e94!8m2!3d35.6586046!4d139.6944133",
131130,37,東京都,渋谷区,神泉児童遊園地,シンセンジドウユウエンチ,,,,東京都渋谷区神泉町10-3,,,35.6552683,139.6929182,1,,,1,1,,1,,,,,,,,,,,,,"https://www.google.com/maps/place/%E7%A5%9E%E6%B3%89%E5%85%90%E7%AB%A5%E9%81%8A%E5%9C%92%E5%9C%B0/@35.6552683,139.6907295,17z/data=!3m1!4b1!4m5!3m4!1s0x60188b5512490c0d:0x44d15576705098ce!8m2!3d35.6552683!4d139.6929182",
131130,38,東京都,渋谷区,鍋島松濤公園,ナベシマショウトウコウエン,,,,東京都渋谷区松濤2-10-7,,,35.659755,139.6912907,4,3,1,,2,2,,,,,有,,,,,,,,,"https://www.google.com/maps/place/%E9%8D%8B%E5%B3%B6%E6%9D%BE%E6%BF%A4%E5%85%AC%E5%9C%92/@35.6598007,139.6889505,17z/data=!3m1!4b1!4m5!3m4!1s0x60188cab4c8a46ab:0x561cf7f30f8f18ab!8m2!3d35.6598007!4d139.6911392",
131130,39,東京都,渋谷区,代々木ポニー公園,ヨヨギポニーコウエン,,,,東京都渋谷区代々木神園町4-1,,,35.6787685,139.6950163,3,2,1,1,2,,2,,,,有,,,,,,,,,"https://www.google.com/maps/place/%E6%B8%8B%E8%B0%B7%E5%8C%BA%E7%AB%8B%E4%BB%A3%E3%80%85%E6%9C%A8%E3%83%9D%E3%83%8B%E3%83%BC%E5%85%AC%E5%9C%92/@35.6787693,139.6929613,17z/data=!4m8!1m2!2m1!1z5Luj44CF5pyo44Od44OL44O85YWs5ZyS!3m4!1s0x60188ccbc7930001:0xd71d9aa923c3d8a4!8m2!3d35.6786548!4d139.6950691",
131130,40,東京都,渋谷区,代々木深町小公園,ヨヨギフカマチショウコウエン,,,,東京都渋谷区富ヶ谷1-54-1,,,35.6691677,139.6906599,3,2,1,1,,,,,,,有,,,,,,,,,"https://www.google.com/maps/place/%E4%BB%A3%E3%80%85%E6%9C%A8%E6%B7%B1%E7%94%BA%E5%B0%8F%E5%85%AC%E5%9C%92/@35.6694868,139.6883593,17z/data=!3m1!4b1!4m5!3m4!1s0x6018f34b5767a8ad:0xde1d3b5c28ad1ce9!8m2!3d35.6694868!4d139.690548",
131130,41,東京都,渋谷区,富ヶ谷三本杉公園,トミガヤサンボンスギコウエン,,,,東京都渋谷区富ヶ谷2-2-13,,,35.6665656,139.6870799,2,1,,1,,,,,,,有,,,,,,,,,"https://www.google.com/maps/place/%E5%AF%8C%E3%83%B6%E8%B0%B7%E4%B8%89%E6%9C%AC%E6%9D%89%E5%85%AC%E5%9C%92/@35.6666326,139.6848714,17z/data=!3m1!4b1!4m5!3m4!1s0x6018f34c3939b28d:0xa699fd19ed3c06da!8m2!3d35.6666326!4d139.6870601",
131130,42,東京都,渋谷区,富ヶ谷公園,トミガヤコウエン,,,,東京都渋谷区富ヶ谷2-15-15,,,35.6632262,139.6866736,3,2,1,,1,1,,,,,,,,,,,,,,"https://www.google.com/maps/place/%E5%AF%8C%E3%83%B6%E8%B0%B7%E5%85%AC%E5%9C%92/@35.6632645,139.684515,17z/data=!3m1!4b1!4m5!3m4!1s0x6018f352080a88dd:0xd204d22cd13fdb38!8m2!3d35.6632645!4d139.6867037",
131130,43,東京都,渋谷区,上原二丁目児童遊園地,ウエハラニチョウメジドウユウエンチ,,,,東京都渋谷区上原2-6-4,,,35.6663941,139.6839123,,,,,,,,1,,,,,,,,,,,,"https://www.google.com/maps/place/%E4%B8%8A%E5%8E%9F%E4%BA%8C%E4%B8%81%E7%9B%AE%E5%85%90%E7%AB%A5%E9%81%8A%E5%9C%92%E5%9C%B0/@35.6663766,139.6818238,17z/data=!3m1!4b1!4m5!3m4!1s0x6018f34ed11224f3:0xda24b4f4c63d3f7a!8m2!3d35.6663766!4d139.6840125",
131130,44,東京都,渋谷区,上原公園,ウエハラコウエン,,,,東京都渋谷区上原3-13-10,,,35.6669047,139.6787091,2,2,,,,,,2,,,,,,,,,,,,"https://www.google.com/maps/place/%E6%B8%8B%E8%B0%B7%E5%8C%BA%E7%AB%8B%E4%B8%8A%E5%8E%9F%E5%85%AC%E5%9C%92/@35.666806,139.6763814,17z/data=!3m1!4b1!4m8!1m2!2m1!1z5LiK5Y6f5YWs5ZyS!3m4!1s0x6018f346535e40e1:0xe41b23db7da4b3de!8m2!3d35.666806!4d139.6785701",
131130,45,東京都,渋谷区,西原一丁目公園,ニシハライッチョウメコウエン,,,,東京都渋谷区西原1-29-1,,,35.6777632,139.6799374,3,2,1,,1,1,,,,,,,,,,,,,,"https://www.google.com/maps/place/%E6%B8%8B%E8%B0%B7%E5%8C%BA%E7%AB%8B%E8%A5%BF%E5%8E%9F%E4%B8%80%E4%B8%81%E7%9B%AE%E5%85%AC%E5%9C%92/@35.6776875,139.6775825,17z/data=!3m1!4b1!4m5!3m4!1s0x6018f33a95fa5b87:0x6a35945e0f7ce5aa!8m2!3d35.6776875!4d139.6797712",
131130,46,東京都,渋谷区,代々木西原公園,ヨヨギニシハラコウエン,,,,東京都渋谷区西原1-47-8,,,35.673889,139.684459,3,2,1,,2,2,,,,,,,,,,,,,,"https://www.google.com/maps/place/%E4%BB%A3%E3%80%85%E6%9C%A8%E8%A5%BF%E5%8E%9F%E5%85%AC%E5%9C%92/@35.6735644,139.6821642,17z/data=!4m8!1m2!2m1!1z5Luj44CF5pyo6KW_5Y6f5YWs5ZyS!3m4!1s0x6018f33645313927:0x70b63e91b1c80456!8m2!3d35.6736473!4d139.6844313",
131130,47,東京都,渋谷区,西原二丁目児童遊園地,ニシハラニチョウメジドウユウエンチ,,,,東京都渋谷区西原2-46-1,,,35.6730222,139.6787106,,,,,,,,1,,,,,,,,,,,,"https://www.google.com/maps/place/%E8%A5%BF%E5%8E%9F%E4%BA%8C%E4%B8%81%E7%9B%AE%E5%85%90%E7%AB%A5%E9%81%8A%E5%9C%92%E5%9C%B0/@35.6730103,139.676493,17z/data=!3m1!4b1!4m5!3m4!1s0x6018f3399bf998d9:0xee82664e20ef1491!8m2!3d35.6730103!4d139.6786817?hl=ja",
131130,48,東京都,渋谷区,代々木大山公園,ヨヨギオオヤマコウエン,,,,東京都渋谷区西原2-53-1,,,35.6715401,139.67538,4,3,1,2,2,1,1,,,,有,,,,,,,,,"https://www.google.com/maps/place/%E6%B8%8B%E8%B0%B7%E5%8C%BA%E7%AB%8B+%E4%BB%A3%E3%80%85%E6%9C%A8%E5%A4%A7%E5%B1%B1%E5%85%AC%E5%9C%92/@35.6714019,139.6732768,17z/data=!4m12!1m6!3m5!1s0x6018f33eb3dd5e89:0x26be993430e03d47!2z5riL6LC35Yy656uLIOS7o-OAheacqOWkp-WxseWFrOWckg!8m2!3d35.6714477!4d139.6754977!3m4!1s0x6018f33eb3dd5e89:0x26be993430e03d47!8m2!3d35.6714477!4d139.6754977",
131130,49,東京都,渋谷区,大山児童遊園地,オオヤマジドウユウエンチ,,,,東京都渋谷区大山町6-8,,,35.6671898,139.675365,2,1,1,,1,1,,,,,,,,,,,,,,"https://www.google.com/maps/place/%E6%B8%8B%E8%B0%B7%E5%8C%BA%E7%AB%8B%E5%A4%A7%E5%B1%B1%E5%85%90%E7%AB%A5%E9%81%8A%E5%9C%92%E5%9C%B0/@35.6671898,139.673171,17z/data=!3m1!4b1!4m5!3m4!1s0x6018f340b1014b73:0x5ee75bf7727e77a3!8m2!3d35.6671898!4d139.675365?hl=ja",
131130,50,東京都,渋谷区,はるのおがわコミュニティパーク,ハルノオガワコミュニティパーク,,,,東京都渋谷区代々木5-68-1,,,35.671446,139.6908198,3,2,,1,1,,1,,,,有,,,,,,,,,"https://www.google.com/maps/place/%E3%81%AF%E3%82%8B%E3%81%AE%E3%81%8A%E3%81%8C%E3%82%8F%E3%82%B3%E3%83%9F%E3%83%A5%E3%83%8B%E3%83%86%E3%82%A3%E3%83%91%E3%83%BC%E3%82%AF/@35.671446,139.6886258,17z/data=!3m1!4b1!4m5!3m4!1s0x6018f34b2c27fc0f:0x7ebf514a19f669d6!8m2!3d35.671446!4d139.6908198?hl=ja",
131130,51,東京都,渋谷区,本町一丁目児童遊園地,ホンマチイッチョウメジドウユウエンチ,,,,東京都渋谷区本町1-26-6,,,35.6796564,139.6797905,2,2,,,,,,1,,,有,,,,,,,,,"https://www.google.com/maps/place/%E6%9C%AC%E7%94%BA%E4%B8%80%E4%B8%81%E7%9B%AE%E5%85%90%E7%AB%A5%E9%81%8A%E5%9C%92%E5%9C%B0/@35.6798019,139.6776728,17z/data=!4m8!1m2!2m1!1z5pys55S65LiA5LiB55uu5YWQ56ul6YGK5ZyS5Zyw!3m4!1s0x0:0xaf8453346f4a7304!8m2!3d35.6796565!4d139.6797905",
131130,52,東京都,渋谷区,本町南児童遊園地,ホンマチミナミジドウユウエンチ,,,,東京都渋谷区本町1-56-6,,,35.6829447,139.6838942,1,,,1,,,,,,,有,,,,,,,,,"https://www.google.com/maps/place/%E6%9C%AC%E7%94%BA%E5%8D%97%E5%85%90%E7%AB%A5%E9%81%8A%E5%9C%92%E5%9C%B0/@35.6828689,139.6816289,17z/data=!3m1!4b1!4m5!3m4!1s0x6018f32ef8e6b5ef:0xf6938d098d9e7f23!8m2!3d35.6828689!4d139.6838229?hl=ja",
131130,53,東京都,渋谷区,初台児童遊園地,ハツダイジドウユウエンチ,,,,東京都渋谷区初台2-18-6,,,35.6774775,139.6856181,2,1,1,,1,1,,,,,,,,,,,,,,"https://www.google.com/maps/place/%E5%88%9D%E5%8F%B0%E5%85%90%E7%AB%A5%E9%81%8A%E5%9C%92%E5%9C%B0/@35.6771272,139.6842988,17z/data=!4m8!1m2!2m1!1z5Yid5Y-w5YWQ56ul6YGK5ZyS5Zyw!3m4!1s0x6018f3315b8bebab:0x181fd14fcca98a2b!8m2!3d35.6774775!4d139.6856181?hl=ja",
131130,54,東京都,渋谷区,本町さくら公園,ホンマチサクラコウエン,,,,東京都渋谷区本町2-21-1,,,35.6836462,139.6805386,2,1,,1,1,,1,,,,有,,,,,,,,,"https://www.google.com/maps/place/%E6%B8%8B%E8%B0%B7%E5%8C%BA%E7%AB%8B%E6%9C%AC%E7%94%BA%E3%81%95%E3%81%8F%E3%82%89%E5%85%AC%E5%9C%92/@35.683654,139.6783399,17z/data=!3m1!4b1!4m5!3m4!1s0x6018f325fdc9a883:0xb6da086a0e1ceda9!8m2!3d35.683654!4d139.6805339?hl=ja",
131130,55,東京都,渋谷区,二軒家公園,ニケンヤコウエン,,,,東京都渋谷区本町3-30-12,,,35.6903759,139.6828587,1,,,1,1,,1,,,,有,,,,,,,,,"https://www.google.com/maps/place/%E6%B8%8B%E8%B0%B7%E5%8C%BA%E7%AB%8B%E4%BA%8C%E8%BB%92%E5%AE%B6%E5%85%AC%E5%9C%92/@35.6906983,139.6811488,17z/data=!4m12!1m6!3m5!1s0x6018f2d7c84ee615:0xbf7031faade8dc11!2z5riL6LC35Yy656uL5LqM6LuS5a625YWs5ZyS!8m2!3d35.6903759!4d139.6828587!3m4!1s0x6018f2d7c84ee615:0xbf7031faade8dc11!8m2!3d35.6903759!4d139.6828587",
131130,56,東京都,渋谷区,二軒家ふるさと公園,ニケンヤフルサトコウエン,,,,東京都渋谷区本町3-35-8,,,35.6893077,139.6809175,,,,,,,,,,,有,,,,,,,,,"https://www.google.com/maps/place/%E6%B8%8B%E8%B0%B7%E5%8C%BA%E7%AB%8B%E4%BA%8C%E8%BB%92%E5%AE%B6%E3%81%B5%E3%82%8B%E3%81%95%E3%81%A8%E5%85%AC%E5%9C%92/@35.6893077,139.6787235,17z/data=!3m1!4b1!4m5!3m4!1s0x6018f2d81df43481:0xc1d7a28760e01d68!8m2!3d35.6893077!4d139.6809175?hl=ja",
131130,57,東京都,渋谷区,本町公園,ホンマチコウエン,,,,東京都渋谷区本町4-5-7,,,35.6864726,139.6810432,3,2,1,,1,1,,,,,有,,,,,,,,,"https://www.google.com/maps/place/%E6%B8%8B%E8%B0%B7%E5%8C%BA%E7%AB%8B%E6%9C%AC%E7%94%BA%E5%85%AC%E5%9C%92/@35.6865565,139.6789645,17z/data=!4m5!3m4!1s0x6018f3287f17eafb:0x172f382c2b8f4655!8m2!3d35.6865426!4d139.6811219",
131130,58,東京都,渋谷区,本町北児童遊園地,ホンマチキタジドウユウエンチ,,,,東京都渋谷区本町4-33-3,,,35.6855317,139.6802676,2,1,1,,1,1,,,,,,,,,,,,,,"https://www.google.com/maps/place/%E6%9C%AC%E7%94%BA%E5%8C%97%E5%85%90%E7%AB%A5%E9%81%8A%E5%9C%92%E5%9C%B0/@35.6855779,139.6780729,17z/data=!3m1!4b1!4m5!3m4!1s0x6018f32631996f8f:0xc71cf6226b43830!8m2!3d35.6855779!4d139.6802669?hl=ja",
131130,59,東京都,渋谷区,本町南児童公園,ホンマチミナミジドウコウエン,,,,東京都渋谷区本町5-5-10,,,35.6838767,139.678241,,,,,,,,1,,,,,,,,,,,,"https://www.google.com/maps/place/%E6%B8%8B%E8%B0%B7%E5%8C%BA%E7%AB%8B%E6%9C%AC%E7%94%BA%E5%8D%97%E5%85%90%E7%AB%A5%E5%85%AC%E5%9C%92/@35.6833727,139.6766546,16z/data=!4m8!1m2!2m1!1z5pys55S65Y2X5YWQ56ul5YWs5ZyS!3m4!1s0x6018f3268afb40e9:0x98b5b1d798298034!8m2!3d35.6838767!4d139.678241",
131130,60,東京都,渋谷区,本町氷川公園,ホンマチヒカワコウエン,,,,東京都渋谷区本町5-12-3,,,35.6844713,139.6771006,2,1,1,,1,1,,,,,,,,,,,,,,"https://www.google.com/maps/place/%E6%B8%8B%E8%B0%B7%E5%8C%BA%E7%AB%8B%E6%9C%AC%E7%94%BA%E6%B0%B7%E5%B7%9D%E5%85%AC%E5%9C%92/@35.6844687,139.6749235,17z/data=!3m1!4b1!4m5!3m4!1s0x6018f326e09e2983:0x83e745acfdffdbbc!8m2!3d35.6844687!4d139.6771175",
131130,61,東京都,渋谷区,幡ヶ谷第一公園,ハタガヤダイイチコウエン,,,,東京都渋谷区幡ヶ谷1-11-2,,,35.674922,139.6717724,2,1,,1,,,,,,,有,,,,,,,,,"https://www.google.com/maps/place/%E6%B8%8B%E8%B0%B7%E5%8C%BA%E7%AB%8B%E5%B9%A1%E3%83%B6%E8%B0%B7%E7%AC%AC%E4%B8%80%E5%85%AC%E5%9C%92/@35.674922,139.6695784,17z/data=!3m1!4b1!4m5!3m4!1s0x6018f33d46f43fdd:0xd5c604fe757d505c!8m2!3d35.674922!4d139.6717724",
131130,62,東京都,渋谷区,幡ヶ谷ひだまり公園,ハタガヤヒダマリコウエン,,,,東京都渋谷区幡ヶ谷2-42-6,,,35.6781023,139.6744627,3,2,,1,2,,2,,,,有,,,,,,,,,"https://www.google.com/maps/place/%E5%B9%A1%E3%82%B1%E8%B0%B7%E3%81%B2%E3%81%A0%E3%81%BE%E3%82%8A%E5%85%AC%E5%9C%92/@35.6781023,139.6722687,17z/data=!3m1!4b1!4m5!3m4!1s0x6018f32314951257:0x14eddc08a67f429e!8m2!3d35.6781023!4d139.6744627",
131130,63,東京都,渋谷区,六号通り公園,ロクゴウドオリコウエン,,,,東京都渋谷区幡ヶ谷2-50-6,,,35.680061,139.6777108,2,2,,,,,,1,,,,,,,,,,,,"https://www.google.com/maps/place/%E5%85%AD%E5%8F%B7%E9%80%9A%E3%82%8A%E5%85%AC%E5%9C%92/@35.680061,139.6755168,17z/data=!3m1!4b1!4m5!3m4!1s0x6018f324f753c7c3:0xf7ec959fb50778f3!8m2!3d35.680061!4d139.6777108",
131130,64,東京都,渋谷区,七号通り公園,ナナゴウドオリコウエン,,,,東京都渋谷区幡ヶ谷2-53-5,,,35.6789995,139.6747179,2,2,,,,,,1,,,,,,,,,,,,"https://www.google.com/maps/place/%E4%B8%83%E5%8F%B7%E9%80%9A%E3%82%8A%E5%85%AC%E5%9C%92/@35.6789995,139.6725239,17z/data=!3m1!4b1!4m5!3m4!1s0x6018f32375c05555:0x46d8bfdc571ea4eb!8m2!3d35.6789995!4d139.6747179",
131130,65,東京都,渋谷区,幡ヶ谷第三公園,ハタガヤダイサンコウエン,,,,東京都渋谷区幡ヶ谷3-36-8,,,35.6779413,139.6710254,2,1,,1,,,,,,,有,,,,,,,,,"https://www.google.com/maps/place/%E6%B8%8B%E8%B0%B7%E5%8C%BA%E7%AB%8B%E5%B9%A1%E3%83%B6%E8%B0%B7%E7%AC%AC%E4%B8%89%E5%85%AC%E5%9C%92/@35.6780066,139.6688859,17z/data=!3m1!4b1!4m5!3m4!1s0x6018f32278c1d5a7:0x73b6e89b4e03fbc3!8m2!3d35.6780066!4d139.6710799",
131130,66,東京都,渋谷区,幡ヶ谷第二公園,ハタガヤダイニコウエン,,,,東京都渋谷区幡ヶ谷3-38-2,,,35.6791308,139.6716517,3,2,1,,1,1,,,,,,,,,,,,,,"https://www.google.com/maps/place/%E6%B8%8B%E8%B0%B7%E5%8C%BA%E7%AB%8B%E5%B9%A1%E3%83%B6%E8%B0%B7%E7%AC%AC%E4%BA%8C%E5%85%AC%E5%9C%92/@35.6791074,139.6693942,17z/data=!3m1!4b1!4m5!3m4!1s0x6018f322136696f3:0x289e49f2a5b43135!8m2!3d35.6791074!4d139.6715882",
131130,67,東京都,渋谷区,幡ヶ谷新道公園,ハタガヤシンドウコウエン,,,,東京都渋谷区幡ヶ谷3-56-10,,,35.6818769,139.6747311,2,1,,1,,,,,,,有,,,,,,,,,"https://www.google.com/maps/place/%E6%B8%8B%E8%B0%B7%E5%8C%BA%E7%AB%8B%E5%B9%A1%E3%83%B6%E8%B0%B7%E6%96%B0%E9%81%93%E5%85%AC%E5%9C%92/@35.6817948,139.6724882,17z/data=!3m1!4b1!4m5!3m4!1s0x6018f3215c892d79:0x7a76ee382cd85cc4!8m2!3d35.6817948!4d139.6746822",
131130,68,東京都,渋谷区,十三号通り公園,ジュウサンゴウドオリコウエン,,,,東京都渋谷区笹塚2-32-8,,,35.6749635,139.6634906,2,1,1,,1,1,,,,,,,,,,,,,,"https://www.google.com/maps/place/%E6%B8%8B%E8%B0%B7%E5%8C%BA%E7%AB%8B%E5%8D%81%E4%B8%89%E5%8F%B7%E9%80%9A%E3%82%8A%E5%85%AC%E5%9C%92/@35.6749635,139.6612966,17z/data=!3m1!4b1!4m5!3m4!1s0x6018f31bae93a125:0x730f03db97cabce9!8m2!3d35.6749635!4d139.6634906",
131130,69,東京都,渋谷区,笹塚東公園,ササヅカヒガシコウエン,,,,東京都渋谷区笹塚2-46-4,,,35.6766135,139.6693692,2,1,1,,1,1,,,,,,,,,,,,,,"https://www.google.com/maps/place/%E7%AC%B9%E5%A1%9A%E6%9D%B1%E5%85%AC%E5%9C%92/@35.6766135,139.6671752,17z/data=!3m1!4b1!4m5!3m4!1s0x6018f3185d9573a5:0xe09bb30f5e3596c2!8m2!3d35.6766135!4d139.6693692",
131130,70,東京都,渋谷区,笹塚児童遊園地,ササヅカジドウユウエンチ,,,,東京都渋谷区笹塚3-2-9,,,35.6784682,139.6695814,,,,,,,,1,,,,,,,,,,,,"https://www.google.com/maps/place/%E6%B8%8B%E8%B0%B7%E5%8C%BA%E7%AB%8B%E7%AC%B9%E5%A1%9A%E5%85%90%E7%AB%A5%E9%81%8A%E5%9C%92%E5%9C%B0/@35.6785126,139.6673816,17z/data=!4m8!1m2!2m1!1z56y55aGa5YWQ56ul6YGK5ZyS5Zyw!3m4!1s0x6018f318beebc5db:0xdf600732dbfcc0df!8m2!3d35.6784682!4d139.6695814",
131130,71,東京都,渋谷区,笹塚公園,ササヅカコウエン,,,,東京都渋谷区笹塚3-36-6,,,35.6771003,139.6662203,3,2,1,,2,2,,,,,,,,,,,,,,"https://www.google.com/maps/place/%E6%B8%8B%E8%B0%B7%E5%8C%BA%E7%AB%8B%E7%AC%B9%E5%A1%9A%E5%85%AC%E5%9C%92/@35.6772467,139.6640221,17z/data=!4m8!1m2!2m1!1z56y55aGa5YWs5ZyS!3m4!1s0x6018f31944b8f269:0xdb9939dbe5565f4f!8m2!3d35.6771628!4d139.6661583",
131130,72,東京都,渋谷区,笹塚北児童遊園地,ササヅカキタジドウユウエンチ,,,,東京都渋谷区笹塚3-46-13,,,35.6801157,139.6684311,,,,,,,,1,,,,,,,,,,,,"https://www.google.com/maps/place/%E6%B8%8B%E8%B0%B7%E5%8C%BA%E7%AB%8B%E7%AC%B9%E5%A1%9A%E5%8C%97%E5%85%90%E7%AB%A5%E9%81%8A%E5%9C%92%E5%9C%B0/@35.6802279,139.6663032,17z/data=!4m8!1m2!2m1!1z56y55aGa5YyX5YWQ56ul6YGK5ZyS5Zyw!3m4!1s0x6018f31f1f38a5b3:0x69e98ba704ae025d!8m2!3d35.680151!4d139.6684431",
131130,73,東京都,渋谷区,鳩森児童遊園地,ハトモリジドウユウエンチ,,,,東京都渋谷区千駄ヶ谷1-1-14,,,35.6780148,139.7090159,2,1,1,,1,1,,,,,,,,,,,,,,"https://www.google.com/maps/place/%E9%B3%A9%E6%A3%AE%E5%85%90%E7%AB%A5%E9%81%8A%E5%9C%92%E5%9C%B0/@35.6778957,139.70694,17z/data=!3m1!4b1!4m5!3m4!1s0x60188cbe5fff1a3f:0x46edb1aa684674dd!8m2!3d35.6778957!4d139.709134",
131130,74,東京都,渋谷区,千鳩児童遊園地,チハトジドウユウエンチ,,,,東京都渋谷区千駄ヶ谷5-17-4,,,35.682551,139.7054696,1,1,,,,,,1,,,,,,,,,,,,"https://www.google.com/maps/place/%E5%8D%83%E9%B3%A9%E5%85%90%E7%AB%A5%E9%81%8A%E5%9C%92%E5%9C%B0/@35.682551,139.7032756,17z/data=!3m1!4b1!4m5!3m4!1s0x60188cc6deb12341:0x67f84721ab48aee6!8m2!3d35.682551!4d139.7054696",
131130,75,東京都,渋谷区,代々木みどり公園,ヨヨギミドリコウエン,,,,東京都渋谷区代々木1-37-10,,,35.6830825,139.7007436,,,,,,,,,,,有,,,,,,,,,"https://www.google.com/maps/place/%E4%BB%A3%E3%80%85%E6%9C%A8%E3%81%BF%E3%81%A9%E3%82%8A%E5%85%AC%E5%9C%92/@35.6831305,139.6985131,17z/data=!3m1!4b1!4m5!3m4!1s0x60188ccf51dc93a1:0x7217c8a414d5e54c!8m2!3d35.6831305!4d139.7007071",
131130,76,東京都,渋谷区,代々木二丁目あおい公園,ヨヨギニチョウメアオイコウエン,,,,東京都渋谷区代々木2-13-3,,,35.6869388,139.6959636,3,2,,1,1,,1,,,,有,,,,,,,,,"https://www.google.com/maps/place/%E6%B8%8B%E8%B0%B7%E5%8C%BA%E7%AB%8B%E4%BB%A3%E3%80%85%E6%9C%A8%E4%BA%8C%E4%B8%81%E7%9B%AE%E3%81%82%E3%81%8A%E3%81%84%E5%85%AC%E5%9C%92/@35.6869828,139.6938927,17z/data=!3m1!4b1!4m5!3m4!1s0x60188cd22688a81d:0xd6736c2677e190b2!8m2!3d35.6869828!4d139.6960867",トイレの数は供用開始後の数。3月末改修終了予定。
131130,77,東京都,渋谷区,千原児童遊園地,センバラジドウユウエンチ,,,,東京都渋谷区神宮前2-31-5,,,35.6733256,139.7096412,2,1,1,,1,1,,,,,,,,,,,,,,"https://www.google.com/maps/place/%E6%B8%8B%E8%B0%B7%E5%8C%BA%E7%AB%8B%E5%8D%83%E5%8E%9F%E5%85%90%E7%AB%A5%E9%81%8A%E5%9C%92%E5%9C%B0/@35.6733256,139.7074472,17z/data=!3m1!4b1!4m5!3m4!1s0x60188cbd273f4f45:0x179df0d8ac395df3!8m2!3d35.6733256!4d139.7096412",
131130,78,東京都,渋谷区,神宮通公園,ジングウドオリコウエン,,,,東京都渋谷区神宮前6-22-8,,,35.6640685,139.7018816,2,1,1,,1,1,,,,,有,,,,,,,,,"https://www.google.com/maps/place/%E7%A5%9E%E5%AE%AE%E9%80%9A%E5%85%AC%E5%9C%92/@35.6641482,139.6997304,17z/data=!3m1!4b1!4m5!3m4!1s0x60188ca607d49673:0x69d1bcfe3a851e54!8m2!3d35.6641482!4d139.7019244",
131130,79,東京都,渋谷区,玉川上水旧水路初台緑道,タマガワジョウスイキュウスイロ　ハツダイリョクドウ,,,,東京都渋谷区初台1-51,,,35.680738,139.686624,2,1,1,,1,1,,,,,,,,,,,,,,"https://www.google.com/maps/place/%E7%8E%89%E5%B7%9D%E4%B8%8A%E6%B0%B4%E6%97%A7%E6%B0%B4%E8%B7%AF%E7%B7%91%E9%81%93/@35.6804135,139.6844064,17z/data=!3m1!4b1!4m5!3m4!1s0x6018f33222bdd565:0x8e878b62dfdd2b04!8m2!3d35.6804135!4d139.6866004",
131130,80,東京都,渋谷区,玉川上水旧水路初台緑道,タマガワジョウスイキュウスイロ　ハツダイリョクドウ,,,,東京都渋谷区初台1-32,,,35.679064,139.684413,3,2,1,,2,2,,,,,有,,,,,,,,,"https://www.google.com/maps/place/%E7%8E%89%E5%B7%9D%E4%B8%8A%E6%B0%B4%E6%97%A7%E6%B0%B4%E8%B7%AF%E7%B7%91%E9%81%93/@35.6804135,139.6844064,17z/data=!3m1!4b1!4m5!3m4!1s0x6018f33222bdd565:0x8e878b62dfdd2b04!8m2!3d35.6804135!4d139.6866004",
131130,81,東京都,渋谷区,玉川上水旧水路大山緑道,タマガワジョウスイキュウスイロ　オオヤマリョクドウ,,,,東京都渋谷区大山町23,,,35.670509,139.673453,,,,,,,,1,,,,,,,,,,,,"https://www.google.com/maps/place/%E7%8E%89%E5%B7%9D%E4%B8%8A%E6%B0%B4%E6%97%A7%E6%B0%B4%E8%B7%AF+%E5%A4%A7%E5%B1%B1%E7%B7%91%E9%81%93/@35.6712311,139.6704668,17z/data=!4m5!3m4!1s0x6018f33e6f786483:0x14a36570dda114a!8m2!3d35.6712311!4d139.6726555",
131130,82,東京都,渋谷区,玉川上水旧水路笹塚緑道,タマガワジョウスイキュウスイロ　ササヅカリョクドウ,,,,東京都渋谷区笹塚1-29,,,35.673097,139.66699,7,5,1,1,3,2,1,,,,有,,,,,,,,,"https://www.google.com/maps/@35.6716906,139.6637229,20z",
